[
  {
    "id": "fada7850-718f-4f51-8b9c-a8915b693225",
    "data": [
      {
        "text": "Relationships",
        "alias": "Category",
        "meta": "@Category",
        "userDefined": true
      }
    ],
    "isTemplate": false,
    "count": 0
  },
  {
    "id": "2b2e4cac-2f45-45ef-90ed-db6e1a3db561",
    "data": [
      {
        "text": "I need some help with ",
        "userDefined": false
      },
      {
        "text": "relationships",
        "alias": "Category",
        "meta": "@Category",
        "userDefined": true
      }
    ],
    "isTemplate": false,
    "count": 0,
    "updated": 1509818231
  }
]