[
  {
    "id": "ea4aa19e-a7e7-40a2-991e-a3a6276451d9",
    "data": [
      {
        "text": "I need some help with ",
        "userDefined": false
      },
      {
        "text": "bullying",
        "alias": "Category",
        "meta": "@Category",
        "userDefined": true
      }
    ],
    "isTemplate": false,
    "count": 0
  },
  {
    "id": "a3dbb737-1e09-4f21-acf0-9a9e4b5ad59b",
    "data": [
      {
        "text": "Bullying",
        "alias": "Category",
        "meta": "@Category",
        "userDefined": false
      }
    ],
    "isTemplate": false,
    "count": 0
  }
]