[
  {
    "id": "a3fa7beb-8d35-471e-ad07-e5844c74a251",
    "data": [
      {
        "text": "Sexting",
        "alias": "Category",
        "meta": "@Category",
        "userDefined": true
      }
    ],
    "isTemplate": false,
    "count": 0
  },
  {
    "id": "9b90025a-c8db-402a-952b-6f786005b666",
    "data": [
      {
        "text": "I need some help with ",
        "userDefined": false
      },
      {
        "text": "sexting",
        "alias": "Category",
        "meta": "@Category",
        "userDefined": true
      }
    ],
    "isTemplate": false,
    "count": 0,
    "updated": 1509798677
  }
]